,tropical,south,north
stats,-47.398929366716004,16.426728241685865,14.498755888262341
p-value,1.8393528418647505e-300,2.00415231640613e-57,1.640934416626757e-45
