,tropical_Q1,tropical_Q2,tropical_Q3,tropical_Q4,south_Q1,south_Q2,south_Q3,south_Q4,north_Q1,north_Q2,north_Q3,north_Q4
stats,-163.44404047354845,-73.18774346834331,-21.670765005381643,-147.7560015177027,-98.11584125497538,115.34026280251248,191.66998613774214,-21.479180806618405,95.02282553813934,29.707885563039007,-12.095487532831394,90.09948106293679
p-value,1.2753446942250795e-236,2.2718646703228616e-159,4.313916444294292e-57,3.0315985130860603e-225,2.963587556466341e-187,8.089025699871944e-203,3.8174628154935404e-252,2.6095227837898257e-56,3.480605924534433e-184,5.369800034397738e-80,2.676498326125413e-26,6.000579539330258e-178
